areaType,areaName,areaCode,date,newVirusTestsByPublishDate,cumVirusTestsByPublishDate
overview,United Kingdom,K02000001,26/04/2022,329968,508299663
overview,United Kingdom,K02000001,25/04/2022,374661,507949569
overview,United Kingdom,K02000001,24/04/2022,263180,507552696
overview,United Kingdom,K02000001,23/04/2022,244687,507289516
overview,United Kingdom,K02000001,22/04/2022,318151,507044829
overview,United Kingdom,K02000001,21/04/2022,370884,506706828
overview,United Kingdom,K02000001,20/04/2022,351100,506293269
overview,United Kingdom,K02000001,19/04/2022,388234,505920595
overview,United Kingdom,K02000001,18/04/2022,330645,505505330
overview,United Kingdom,K02000001,17/04/2022,253380,505103686
overview,United Kingdom,K02000001,16/04/2022,251112,504850306
overview,United Kingdom,K02000001,15/04/2022,292123,504599194
overview,United Kingdom,K02000001,14/04/2022,378125,504307071
overview,United Kingdom,K02000001,13/04/2022,415654,503905388
overview,United Kingdom,K02000001,12/04/2022,414807,503466404
overview,United Kingdom,K02000001,11/04/2022,463954,503024209
overview,United Kingdom,K02000001,10/04/2022,351412,502530582
overview,United Kingdom,K02000001,09/04/2022,338173,502179170
overview,United Kingdom,K02000001,08/04/2022,432025,501840997
overview,United Kingdom,K02000001,07/04/2022,485879,501381421
overview,United Kingdom,K02000001,06/04/2022,528405,500839124
overview,United Kingdom,K02000001,05/04/2022,540100,500266822
overview,United Kingdom,K02000001,04/04/2022,563343,499690081
overview,United Kingdom,K02000001,03/04/2022,497415,499086771
overview,United Kingdom,K02000001,02/04/2022,428278,498589356
overview,United Kingdom,K02000001,01/04/2022,585806,498161078
overview,United Kingdom,K02000001,31/03/2022,634843,497531750
overview,United Kingdom,K02000001,30/03/2022,718916,496832576
overview,United Kingdom,K02000001,29/03/2022,720239,496070167
overview,United Kingdom,K02000001,28/03/2022,722535,495294424
overview,United Kingdom,K02000001,27/03/2022,632929,494514944
overview,United Kingdom,K02000001,26/03/2022,552604,493882015
overview,United Kingdom,K02000001,25/03/2022,689444,493329411
overview,United Kingdom,K02000001,24/03/2022,736666,492597251
overview,United Kingdom,K02000001,23/03/2022,821356,491772796
overview,United Kingdom,K02000001,22/03/2022,797289,490907367
overview,United Kingdom,K02000001,21/03/2022,793566,490061955
overview,United Kingdom,K02000001,20/03/2022,650171,489207056
overview,United Kingdom,K02000001,19/03/2022,586163,488556885
overview,United Kingdom,K02000001,18/03/2022,713323,487970722
overview,United Kingdom,K02000001,17/03/2022,775884,487206965
overview,United Kingdom,K02000001,16/03/2022,825137,486330287
overview,United Kingdom,K02000001,15/03/2022,774243,485457757
overview,United Kingdom,K02000001,14/03/2022,811934,484618075
overview,United Kingdom,K02000001,13/03/2022,585290,483732979
overview,United Kingdom,K02000001,12/03/2022,553597,483140255
overview,United Kingdom,K02000001,11/03/2022,670955,482586658
overview,United Kingdom,K02000001,10/03/2022,727243,481874090
overview,United Kingdom,K02000001,09/03/2022,744463,481084070
overview,United Kingdom,K02000001,08/03/2022,705717,480300442
overview,United Kingdom,K02000001,07/03/2022,713449,479555492
overview,United Kingdom,K02000001,06/03/2022,565744,478794617
overview,United Kingdom,K02000001,05/03/2022,490218,478228873
overview,United Kingdom,K02000001,04/03/2022,606980,477738655
overview,United Kingdom,K02000001,03/03/2022,664480,477090767
overview,United Kingdom,K02000001,02/03/2022,702451,476299448
overview,United Kingdom,K02000001,01/03/2022,649222,475561080
overview,United Kingdom,K02000001,28/02/2022,696060,474875571
overview,United Kingdom,K02000001,27/02/2022,534807,474131241
overview,United Kingdom,K02000001,26/02/2022,495022,473596434
overview,United Kingdom,K02000001,25/02/2022,612503,473101412
overview,United Kingdom,K02000001,24/02/2022,685308,472454845
overview,United Kingdom,K02000001,23/02/2022,760377,471674601
overview,United Kingdom,K02000001,22/02/2022,734238,470877968
overview,United Kingdom,K02000001,21/02/2022,816387,470101581
overview,United Kingdom,K02000001,20/02/2022,703991,469223965
overview,United Kingdom,K02000001,19/02/2022,584374,468484058
overview,United Kingdom,K02000001,18/02/2022,700343,467869985
overview,United Kingdom,K02000001,17/02/2022,900352,467124303
overview,United Kingdom,K02000001,16/02/2022,976068,466141396
overview,United Kingdom,K02000001,15/02/2022,887061,465117184
overview,United Kingdom,K02000001,14/02/2022,888781,464167208
overview,United Kingdom,K02000001,13/02/2022,784455,463209107
overview,United Kingdom,K02000001,12/02/2022,724233,462380430
overview,United Kingdom,K02000001,11/02/2022,920402,461615420
overview,United Kingdom,K02000001,10/02/2022,1041542,460635595
overview,United Kingdom,K02000001,09/02/2022,1170469,459504836
overview,United Kingdom,K02000001,08/02/2022,1074033,458275267
overview,United Kingdom,K02000001,07/02/2022,1127178,457133408
overview,United Kingdom,K02000001,06/02/2022,1006934,455910174
overview,United Kingdom,K02000001,05/02/2022,851992,454846142
overview,United Kingdom,K02000001,04/02/2022,1061456,453944662
overview,United Kingdom,K02000001,03/02/2022,1224823,452814956
overview,United Kingdom,K02000001,02/02/2022,1337828,451467436
overview,United Kingdom,K02000001,01/02/2022,1186209,450060788
overview,United Kingdom,K02000001,31/01/2022,1217791,448796542
overview,United Kingdom,K02000001,30/01/2022,1128019,447440860
overview,United Kingdom,K02000001,29/01/2022,932921,446201837
overview,United Kingdom,K02000001,28/01/2022,1159743,445213633
overview,United Kingdom,K02000001,27/01/2022,1285156,443980077
overview,United Kingdom,K02000001,26/01/2022,1446064,442585782
overview,United Kingdom,K02000001,25/01/2022,1272805,441065032
overview,United Kingdom,K02000001,24/01/2022,1335199,439709626
overview,United Kingdom,K02000001,23/01/2022,1229253,438260622
overview,United Kingdom,K02000001,22/01/2022,1044760,436963734
overview,United Kingdom,K02000001,21/01/2022,1219812,435857203
overview,United Kingdom,K02000001,20/01/2022,1370093,434562577
overview,United Kingdom,K02000001,19/01/2022,1539546,433073462
overview,United Kingdom,K02000001,18/01/2022,1307692,431454873
overview,United Kingdom,K02000001,17/01/2022,1363401,430048869
overview,United Kingdom,K02000001,16/01/2022,1274369,428567065
overview,United Kingdom,K02000001,15/01/2022,1081339,427210752
overview,United Kingdom,K02000001,14/01/2022,1259347,426071832
overview,United Kingdom,K02000001,13/01/2022,1413468,424732377
overview,United Kingdom,K02000001,12/01/2022,1578651,423185403
overview,United Kingdom,K02000001,11/01/2022,1412109,421510187
overview,United Kingdom,K02000001,10/01/2022,1617386,419974364
overview,United Kingdom,K02000001,09/01/2022,1657739,418192272
overview,United Kingdom,K02000001,08/01/2022,1325989,416463121
overview,United Kingdom,K02000001,07/01/2022,1604626,415061543
overview,United Kingdom,K02000001,06/01/2022,1820674,413272902
overview,United Kingdom,K02000001,05/01/2022,2031729,411180180
overview,United Kingdom,K02000001,04/01/2022,2050101,408976237
overview,United Kingdom,K02000001,03/01/2022,1703612,406826513
overview,United Kingdom,K02000001,02/01/2022,1372758,405049581
overview,United Kingdom,K02000001,01/01/2022,1029656,403492997
overview,United Kingdom,K02000001,31/12/2021,1668014,402396512
overview,United Kingdom,K02000001,30/12/2021,1507040,400648749
overview,United Kingdom,K02000001,29/12/2021,1498207,399021999
overview,United Kingdom,K02000001,28/12/2021,1476216,397452442
overview,United Kingdom,K02000001,27/12/2021,1279834,395911432
overview,United Kingdom,K02000001,26/12/2021,1277701,394559434
overview,United Kingdom,K02000001,25/12/2021,1197192,393197575
overview,United Kingdom,K02000001,24/12/2021,1614490,391951084
overview,United Kingdom,K02000001,23/12/2021,1623996,390267755
overview,United Kingdom,K02000001,22/12/2021,1648679,388515019
overview,United Kingdom,K02000001,21/12/2021,1490061,386789337
overview,United Kingdom,K02000001,20/12/2021,1491030,385233163
overview,United Kingdom,K02000001,19/12/2021,1468502,383661856
overview,United Kingdom,K02000001,18/12/2021,1406561,382096713
overview,United Kingdom,K02000001,17/12/2021,1578141,380633234
overview,United Kingdom,K02000001,16/12/2021,1598910,378981627
overview,United Kingdom,K02000001,15/12/2021,1635922,377270804
overview,United Kingdom,K02000001,14/12/2021,1319891,375562061
overview,United Kingdom,K02000001,13/12/2021,1307252,374175691
overview,United Kingdom,K02000001,12/12/2021,1259313,372777484
overview,United Kingdom,K02000001,11/12/2021,1012792,371518171
overview,United Kingdom,K02000001,10/12/2021,1196510,370462262
overview,United Kingdom,K02000001,09/12/2021,1326438,369208867
overview,United Kingdom,K02000001,08/12/2021,1278786,367782188
overview,United Kingdom,K02000001,07/12/2021,1051987,366441373
overview,United Kingdom,K02000001,06/12/2021,1122003,365322465
overview,United Kingdom,K02000001,05/12/2021,1137998,364115961
overview,United Kingdom,K02000001,04/12/2021,871383,362938673
overview,United Kingdom,K02000001,03/12/2021,1053270,362002474
overview,United Kingdom,K02000001,02/12/2021,1128774,360898625
overview,United Kingdom,K02000001,01/12/2021,1185577,359669166
overview,United Kingdom,K02000001,30/11/2021,1001214,358436655
overview,United Kingdom,K02000001,29/11/2021,1014359,357378456
overview,United Kingdom,K02000001,28/11/2021,1019456,356281952
overview,United Kingdom,K02000001,27/11/2021,727062,355229759
overview,United Kingdom,K02000001,26/11/2021,885688,354472078
overview,United Kingdom,K02000001,25/11/2021,1048739,353539914
overview,United Kingdom,K02000001,24/11/2021,1083684,352398122
overview,United Kingdom,K02000001,23/11/2021,910710,351270472
overview,United Kingdom,K02000001,22/11/2021,979922,350278474
overview,United Kingdom,K02000001,21/11/2021,1013013,349219350
overview,United Kingdom,K02000001,20/11/2021,717721,348108223
overview,United Kingdom,K02000001,19/11/2021,865460,347361786
overview,United Kingdom,K02000001,18/11/2021,993405,346449096
overview,United Kingdom,K02000001,17/11/2021,1043488,345391570
overview,United Kingdom,K02000001,16/11/2021,807598,344162529
overview,United Kingdom,K02000001,15/11/2021,916832,343305169
overview,United Kingdom,K02000001,14/11/2021,918544,342309460
overview,United Kingdom,K02000001,13/11/2021,667791,341362317
overview,United Kingdom,K02000001,12/11/2021,830535,340663307
overview,United Kingdom,K02000001,11/11/2021,980626,339786206
overview,United Kingdom,K02000001,10/11/2021,1024023,338714307
overview,United Kingdom,K02000001,09/11/2021,851560,337652167
overview,United Kingdom,K02000001,08/11/2021,920068,336750429
overview,United Kingdom,K02000001,07/11/2021,869016,335748629
overview,United Kingdom,K02000001,06/11/2021,649990,334836740
overview,United Kingdom,K02000001,05/11/2021,831151,334157332
overview,United Kingdom,K02000001,04/11/2021,914955,333275058
overview,United Kingdom,K02000001,03/11/2021,1020990,332263199
overview,United Kingdom,K02000001,02/11/2021,868999,331201693
overview,United Kingdom,K02000001,01/11/2021,905663,330280410
overview,United Kingdom,K02000001,31/10/2021,950858,329290063
overview,United Kingdom,K02000001,30/10/2021,678413,328302966
overview,United Kingdom,K02000001,29/10/2021,847823,327591426
overview,United Kingdom,K02000001,28/10/2021,875931,326700390
overview,United Kingdom,K02000001,27/10/2021,916286,325738621
overview,United Kingdom,K02000001,26/10/2021,802547,324785300
overview,United Kingdom,K02000001,25/10/2021,820481,323939188
overview,United Kingdom,K02000001,24/10/2021,785553,323023454
overview,United Kingdom,K02000001,23/10/2021,706080,322206179
overview,United Kingdom,K02000001,22/10/2021,912061,321468205
overview,United Kingdom,K02000001,21/10/2021,1011431,320509070
overview,United Kingdom,K02000001,20/10/2021,1103117,319388145
overview,United Kingdom,K02000001,19/10/2021,877223,318239077
overview,United Kingdom,K02000001,18/10/2021,911550,317294366
overview,United Kingdom,K02000001,17/10/2021,980528,316271058
overview,United Kingdom,K02000001,16/10/2021,729043,315255119
overview,United Kingdom,K02000001,15/10/2021,909449,314492563
overview,United Kingdom,K02000001,14/10/2021,980883,313527512
overview,United Kingdom,K02000001,13/10/2021,1045158,312222535
overview,United Kingdom,K02000001,12/10/2021,873498,311316123
overview,United Kingdom,K02000001,11/10/2021,936288,310375182
overview,United Kingdom,K02000001,10/10/2021,968269,309337726
overview,United Kingdom,K02000001,09/10/2021,709073,308335879
overview,United Kingdom,K02000001,08/10/2021,917769,307596854
overview,United Kingdom,K02000001,07/10/2021,962225,306620728
overview,United Kingdom,K02000001,06/10/2021,1072740,305545038
overview,United Kingdom,K02000001,05/10/2021,856416,304411776
overview,United Kingdom,K02000001,04/10/2021,940981,303487459
overview,United Kingdom,K02000001,03/10/2021,1022070,302451704
overview,United Kingdom,K02000001,02/10/2021,735038,301397133
overview,United Kingdom,K02000001,01/10/2021,879317,300675187
overview,United Kingdom,K02000001,30/09/2021,1040967,299736502
overview,United Kingdom,K02000001,29/09/2021,1115605,298567045
overview,United Kingdom,K02000001,28/09/2021,861209,297395190
overview,United Kingdom,K02000001,27/09/2021,1010007,296464954
overview,United Kingdom,K02000001,26/09/2021,1126440,295357403
overview,United Kingdom,K02000001,25/09/2021,786367,294196053
overview,United Kingdom,K02000001,24/09/2021,905141,293376157
overview,United Kingdom,K02000001,23/09/2021,1063394,292396192
overview,United Kingdom,K02000001,22/09/2021,969173,291110295
overview,United Kingdom,K02000001,21/09/2021,895328,290096084
overview,United Kingdom,K02000001,20/09/2021,984065,289115860
overview,United Kingdom,K02000001,19/09/2021,1123798,287966048
overview,United Kingdom,K02000001,18/09/2021,713308,286805662
overview,United Kingdom,K02000001,17/09/2021,928670,286058549
overview,United Kingdom,K02000001,16/09/2021,1059522,285065468
overview,United Kingdom,K02000001,15/09/2021,1084585,283870931
overview,United Kingdom,K02000001,14/09/2021,882827,282708430
overview,United Kingdom,K02000001,13/09/2021,1043118,281728876
overview,United Kingdom,K02000001,12/09/2021,1079196,280534263
overview,United Kingdom,K02000001,11/09/2021,746405,279408899
overview,United Kingdom,K02000001,10/09/2021,1066296,278591406
overview,United Kingdom,K02000001,09/09/2021,1241334,277383762
overview,United Kingdom,K02000001,08/09/2021,1254874,275970459
overview,United Kingdom,K02000001,07/09/2021,1169945,274558295
overview,United Kingdom,K02000001,06/09/2021,1346631,273230674
overview,United Kingdom,K02000001,05/09/2021,1038794,271747668
overview,United Kingdom,K02000001,04/09/2021,757917,270654568
overview,United Kingdom,K02000001,03/09/2021,1190266,269834674
overview,United Kingdom,K02000001,02/09/2021,1155929,268541805
overview,United Kingdom,K02000001,01/09/2021,1027203,267252232
overview,United Kingdom,K02000001,31/08/2021,921219,266162196
overview,United Kingdom,K02000001,30/08/2021,672479,265189052
overview,United Kingdom,K02000001,29/08/2021,707374,264472318
overview,United Kingdom,K02000001,28/08/2021,720342,263736702
overview,United Kingdom,K02000001,27/08/2021,889605,262982735
overview,United Kingdom,K02000001,26/08/2021,948488,262049293
overview,United Kingdom,K02000001,25/08/2021,923845,261026327
overview,United Kingdom,K02000001,24/08/2021,748739,260063891
overview,United Kingdom,K02000001,23/08/2021,741817,259275279
overview,United Kingdom,K02000001,22/08/2021,679665,258485673
overview,United Kingdom,K02000001,21/08/2021,647034,257779268
overview,United Kingdom,K02000001,20/08/2021,763706,257118343
overview,United Kingdom,K02000001,19/08/2021,822777,256319014
overview,United Kingdom,K02000001,18/08/2021,808235,255431404
overview,United Kingdom,K02000001,17/08/2021,728313,254569340
overview,United Kingdom,K02000001,16/08/2021,699466,253802828
overview,United Kingdom,K02000001,15/08/2021,674479,253054999
overview,United Kingdom,K02000001,14/08/2021,655809,252380522
overview,United Kingdom,K02000001,13/08/2021,824414,251724712
overview,United Kingdom,K02000001,12/08/2021,813378,250851931
overview,United Kingdom,K02000001,11/08/2021,842591,249964919
overview,United Kingdom,K02000001,10/08/2021,748898,249087555
overview,United Kingdom,K02000001,09/08/2021,725764,248298687
overview,United Kingdom,K02000001,08/08/2021,689374,247521377
overview,United Kingdom,K02000001,07/08/2021,661538,246803082
overview,United Kingdom,K02000001,06/08/2021,792407,246112404
overview,United Kingdom,K02000001,05/08/2021,825501,245276434
overview,United Kingdom,K02000001,04/08/2021,845680,244394007
overview,United Kingdom,K02000001,03/08/2021,720252,243512311
overview,United Kingdom,K02000001,02/08/2021,724299,242719384
overview,United Kingdom,K02000001,01/08/2021,670913,241936999
overview,United Kingdom,K02000001,31/07/2021,676527,241235058
overview,United Kingdom,K02000001,30/07/2021,838747,240526190
overview,United Kingdom,K02000001,29/07/2021,863554,239643446
overview,United Kingdom,K02000001,28/07/2021,911012,238701666
overview,United Kingdom,K02000001,27/07/2021,797775,237749392
overview,United Kingdom,K02000001,26/07/2021,810459,236902131
overview,United Kingdom,K02000001,25/07/2021,791044,236021951
overview,United Kingdom,K02000001,24/07/2021,757350,235194276
overview,United Kingdom,K02000001,23/07/2021,909423,234398286
overview,United Kingdom,K02000001,22/07/2021,1013261,233436735
overview,United Kingdom,K02000001,21/07/2021,1038954,232303132
overview,United Kingdom,K02000001,20/07/2021,885453,231217817
overview,United Kingdom,K02000001,19/07/2021,1074493,230272717
overview,United Kingdom,K02000001,18/07/2021,1041099,229032526
overview,United Kingdom,K02000001,17/07/2021,784222,227944889
overview,United Kingdom,K02000001,16/07/2021,975603,227123263
overview,United Kingdom,K02000001,15/07/2021,1177716,226084936
overview,United Kingdom,K02000001,14/07/2021,1210002,224772292
overview,United Kingdom,K02000001,13/07/2021,932222,223504870
overview,United Kingdom,K02000001,12/07/2021,1075460,222496640
overview,United Kingdom,K02000001,11/07/2021,1124783,221308607
overview,United Kingdom,K02000001,10/07/2021,742910,220142990
overview,United Kingdom,K02000001,09/07/2021,901977,219361949
overview,United Kingdom,K02000001,08/07/2021,1114234,218395351
overview,United Kingdom,K02000001,07/07/2021,1237992,217154951
overview,United Kingdom,K02000001,06/07/2021,968588,215863352
overview,United Kingdom,K02000001,05/07/2021,1160738,214821127
overview,United Kingdom,K02000001,04/07/2021,1276593,213558757
overview,United Kingdom,K02000001,03/07/2021,659338,212241392
overview,United Kingdom,K02000001,02/07/2021,876646,211542597
overview,United Kingdom,K02000001,01/07/2021,1121678,210596805
overview,United Kingdom,K02000001,30/06/2021,1251696,209341895
overview,United Kingdom,K02000001,29/06/2021,881805,208035991
overview,United Kingdom,K02000001,28/06/2021,1095973,207080157
overview,United Kingdom,K02000001,27/06/2021,1216682,205848490
overview,United Kingdom,K02000001,26/06/2021,622246,204592812
overview,United Kingdom,K02000001,25/06/2021,850807,203934670
overview,United Kingdom,K02000001,24/06/2021,1068088,203021291
overview,United Kingdom,K02000001,23/06/2021,1150834,201822459
overview,United Kingdom,K02000001,22/06/2021,821585,200621518
overview,United Kingdom,K02000001,21/06/2021,1019739,199731875
overview,United Kingdom,K02000001,20/06/2021,1149112,198576291
overview,United Kingdom,K02000001,19/06/2021,591871,197392365
overview,United Kingdom,K02000001,18/06/2021,791219,196770719
overview,United Kingdom,K02000001,17/06/2021,1034685,195916230
overview,United Kingdom,K02000001,16/06/2021,1101741,194738939
overview,United Kingdom,K02000001,15/06/2021,777277,193586143
overview,United Kingdom,K02000001,14/06/2021,930123,192739339
overview,United Kingdom,K02000001,13/06/2021,1052222,191675702
overview,United Kingdom,K02000001,12/06/2021,533809,190591296
overview,United Kingdom,K02000001,11/06/2021,736654,190022708
overview,United Kingdom,K02000001,10/06/2021,945090,189209010
overview,United Kingdom,K02000001,09/06/2021,1085999,188125558
overview,United Kingdom,K02000001,08/06/2021,727274,186996151
overview,United Kingdom,K02000001,07/06/2021,928425,186203156
overview,United Kingdom,K02000001,06/06/2021,1242068,185147729
overview,United Kingdom,K02000001,05/06/2021,488842,183870048
overview,United Kingdom,K02000001,04/06/2021,670715,183348677
overview,United Kingdom,K02000001,03/06/2021,806272,182624589
overview,United Kingdom,K02000001,02/06/2021,854697,181720658
overview,United Kingdom,K02000001,01/06/2021,664849,180817234
overview,United Kingdom,K02000001,31/05/2021,602019,180083008
overview,United Kingdom,K02000001,30/05/2021,625777,179400500
overview,United Kingdom,K02000001,29/05/2021,488274,178748832
overview,United Kingdom,K02000001,28/05/2021,679217,178229622
overview,United Kingdom,K02000001,27/05/2021,959007,177486846
overview,United Kingdom,K02000001,26/05/2021,1132061,176394409
overview,United Kingdom,K02000001,25/05/2021,741912,175208582
overview,United Kingdom,K02000001,24/05/2021,946830,174394703
overview,United Kingdom,K02000001,23/05/2021,1165801,173297678
overview,United Kingdom,K02000001,22/05/2021,499089,172094944
overview,United Kingdom,K02000001,21/05/2021,715414,171561923
overview,United Kingdom,K02000001,20/05/2021,982099,170774076
overview,United Kingdom,K02000001,19/05/2021,1180660,169635175
overview,United Kingdom,K02000001,18/05/2021,732012,168404482
overview,United Kingdom,K02000001,17/05/2021,967126,167599744
overview,United Kingdom,K02000001,16/05/2021,1086443,166384182
overview,United Kingdom,K02000001,15/05/2021,460202,165259759
overview,United Kingdom,K02000001,14/05/2021,674608,164769141
overview,United Kingdom,K02000001,13/05/2021,982881,164012960
overview,United Kingdom,K02000001,12/05/2021,1184941,165362038
overview,United Kingdom,K02000001,11/05/2021,711104,164129675
overview,United Kingdom,K02000001,10/05/2021,955467,163345211
overview,United Kingdom,K02000001,09/05/2021,1322338,162226572
overview,United Kingdom,K02000001,08/05/2021,490546,160869162
overview,United Kingdom,K02000001,07/05/2021,708935,160342371
overview,United Kingdom,K02000001,06/05/2021,1067566,159580869
overview,United Kingdom,K02000001,05/05/2021,1214689,158363333
overview,United Kingdom,K02000001,04/05/2021,860368,157088742
overview,United Kingdom,K02000001,03/05/2021,1069724,156093792
overview,United Kingdom,K02000001,02/05/2021,832918,154880126
overview,United Kingdom,K02000001,01/05/2021,485640,154011981
overview,United Kingdom,K02000001,30/04/2021,667686,153491922
overview,United Kingdom,K02000001,29/04/2021,1072576,152743200
overview,United Kingdom,K02000001,28/04/2021,1360719,151516625
overview,United Kingdom,K02000001,27/04/2021,730262,150101360
overview,United Kingdom,K02000001,26/04/2021,1034181,149291858
overview,United Kingdom,K02000001,25/04/2021,1477709,148076928
overview,United Kingdom,K02000001,24/04/2021,502663,146560366
overview,United Kingdom,K02000001,23/04/2021,722997,146022203
overview,United Kingdom,K02000001,22/04/2021,1111876,145213900
overview,United Kingdom,K02000001,21/04/2021,1371393,143949153
overview,United Kingdom,K02000001,20/04/2021,730210,142527783
overview,United Kingdom,K02000001,19/04/2021,1041368,141704576
overview,United Kingdom,K02000001,18/04/2021,1673788,140486853
overview,United Kingdom,K02000001,17/04/2021,492826,138771896
overview,United Kingdom,K02000001,16/04/2021,681887,138241531
overview,United Kingdom,K02000001,15/04/2021,988311,137478788
overview,United Kingdom,K02000001,14/04/2021,1162840,136363617
overview,United Kingdom,K02000001,13/04/2021,679109,135152009
overview,United Kingdom,K02000001,12/04/2021,874399,134397573
overview,United Kingdom,K02000001,11/04/2021,1218037,133375844
overview,United Kingdom,K02000001,10/04/2021,482153,132121175
overview,United Kingdom,K02000001,09/04/2021,676307,131601153
overview,United Kingdom,K02000001,08/04/2021,931579,130849530
overview,United Kingdom,K02000001,07/04/2021,1034088,129798698
overview,United Kingdom,K02000001,06/04/2021,631846,128712320
overview,United Kingdom,K02000001,05/04/2021,741323,128000297
overview,United Kingdom,K02000001,04/04/2021,813693,127128065
overview,United Kingdom,K02000001,03/04/2021,405634,126284831
overview,United Kingdom,K02000001,02/04/2021,555613,125844450
overview,United Kingdom,K02000001,01/04/2021,953206,125225481
overview,United Kingdom,K02000001,31/03/2021,1266685,124147198
overview,United Kingdom,K02000001,30/03/2021,695477,122824208
overview,United Kingdom,K02000001,29/03/2021,972317,122092382
overview,United Kingdom,K02000001,28/03/2021,1641942,121071863
overview,United Kingdom,K02000001,27/03/2021,471328,119404185
overview,United Kingdom,K02000001,26/03/2021,722814,118903237
overview,United Kingdom,K02000001,25/03/2021,1275285,118144044
overview,United Kingdom,K02000001,24/03/2021,1813842,116704955
overview,United Kingdom,K02000001,23/03/2021,839954,114841325
overview,United Kingdom,K02000001,22/03/2021,1191048,113930657
overview,United Kingdom,K02000001,21/03/2021,1893830,112602641
overview,United Kingdom,K02000001,20/03/2021,473050,110684841
overview,United Kingdom,K02000001,19/03/2021,933234,110180128
overview,United Kingdom,K02000001,18/03/2021,1437257,109160007
overview,United Kingdom,K02000001,17/03/2021,1635141,107584947
overview,United Kingdom,K02000001,16/03/2021,1319784,105849755
overview,United Kingdom,K02000001,15/03/2021,1573774,104422879
overview,United Kingdom,K02000001,14/03/2021,965127,102739526
overview,United Kingdom,K02000001,13/03/2021,437958,101747711
overview,United Kingdom,K02000001,12/03/2021,1402203,101275568
overview,United Kingdom,K02000001,11/03/2021,1614145,99753919
overview,United Kingdom,K02000001,10/03/2021,1554080,98018418
overview,United Kingdom,K02000001,09/03/2021,1374579,96352115
overview,United Kingdom,K02000001,08/03/2021,1529525,94863125
overview,United Kingdom,K02000001,07/03/2021,805744,93252192
overview,United Kingdom,K02000001,06/03/2021,452750,92427640
overview,United Kingdom,K02000001,05/03/2021,953671,91944455
overview,United Kingdom,K02000001,04/03/2021,992812,90933060
overview,United Kingdom,K02000001,03/03/2021,863658,89887019
overview,United Kingdom,K02000001,02/03/2021,675543,88994478
overview,United Kingdom,K02000001,01/03/2021,727972,88264597
overview,United Kingdom,K02000001,28/02/2021,526679,87496888
overview,United Kingdom,K02000001,27/02/2021,383946,86950527
overview,United Kingdom,K02000001,26/02/2021,604745,86554704
overview,United Kingdom,K02000001,25/02/2021,731410,85925041
overview,United Kingdom,K02000001,24/02/2021,740717,85153541
overview,United Kingdom,K02000001,23/02/2021,594629,84392344
overview,United Kingdom,K02000001,22/02/2021,670560,83769892
overview,United Kingdom,K02000001,21/02/2021,590591,83063780
overview,United Kingdom,K02000001,20/02/2021,408118,82463979
overview,United Kingdom,K02000001,19/02/2021,521230,82046229
overview,United Kingdom,K02000001,18/02/2021,560400,81507154
overview,United Kingdom,K02000001,17/02/2021,578844,80926591
overview,United Kingdom,K02000001,16/02/2021,488578,80331919
overview,United Kingdom,K02000001,15/02/2021,457144,79818755
overview,United Kingdom,K02000001,14/02/2021,401786,79338077
overview,United Kingdom,K02000001,13/02/2021,403600,78928253
overview,United Kingdom,K02000001,12/02/2021,626243,78511498
overview,United Kingdom,K02000001,11/02/2021,730223,77862609
overview,United Kingdom,K02000001,10/02/2021,763311,77090265
overview,United Kingdom,K02000001,09/02/2021,579266,76297866
overview,United Kingdom,K02000001,08/02/2021,616718,75693515
overview,United Kingdom,K02000001,07/02/2021,584933,75043566
overview,United Kingdom,K02000001,06/02/2021,454008,74437279
overview,United Kingdom,K02000001,05/02/2021,671585,73971219
overview,United Kingdom,K02000001,04/02/2021,783851,73277874
overview,United Kingdom,K02000001,03/02/2021,801949,72464146
overview,United Kingdom,K02000001,02/02/2021,606382,71642534
overview,United Kingdom,K02000001,01/02/2021,643204,71011933
overview,United Kingdom,K02000001,31/01/2021,574012,70340312
overview,United Kingdom,K02000001,30/01/2021,439006,69736280
overview,United Kingdom,K02000001,29/01/2021,662675,69288509
overview,United Kingdom,K02000001,28/01/2021,753031,68606924
overview,United Kingdom,K02000001,27/01/2021,771710,67828936
overview,United Kingdom,K02000001,26/01/2021,596845,67040373
overview,United Kingdom,K02000001,25/01/2021,542893,66422967
overview,United Kingdom,K02000001,24/01/2021,412204,65861305
overview,United Kingdom,K02000001,23/01/2021,484485,65442601
overview,United Kingdom,K02000001,22/01/2021,629416,64951149
overview,United Kingdom,K02000001,21/01/2021,665330,64303048
overview,United Kingdom,K02000001,20/01/2021,640856,63623219
overview,United Kingdom,K02000001,19/01/2021,579194,62956912
overview,United Kingdom,K02000001,18/01/2021,556689,62357805
overview,United Kingdom,K02000001,17/01/2021,417329,61774304
overview,United Kingdom,K02000001,16/01/2021,491137,61349606
overview,United Kingdom,K02000001,15/01/2021,596727,60848505
overview,United Kingdom,K02000001,14/01/2021,695148,60242686
overview,United Kingdom,K02000001,13/01/2021,628556,59538320
overview,United Kingdom,K02000001,12/01/2021,584760,58891289
overview,United Kingdom,K02000001,11/01/2021,536947,58297536
overview,United Kingdom,K02000001,10/01/2021,485874,57747184
overview,United Kingdom,K02000001,09/01/2021,567302,57258926
overview,United Kingdom,K02000001,08/01/2021,680215,56689419
overview,United Kingdom,K02000001,07/01/2021,619941,56003851
overview,United Kingdom,K02000001,06/01/2021,557441,55378721
overview,United Kingdom,K02000001,05/01/2021,498624,54808079
overview,United Kingdom,K02000001,04/01/2021,464611,54302701
overview,United Kingdom,K02000001,03/01/2021,428770,53825846
overview,United Kingdom,K02000001,02/01/2021,411523,53396177
overview,United Kingdom,K02000001,01/01/2021,422804,52983845
overview,United Kingdom,K02000001,31/12/2020,482473,52560089
overview,United Kingdom,K02000001,30/12/2020,420492,52058247
overview,United Kingdom,K02000001,29/12/2020,344775,51635380
overview,United Kingdom,K02000001,28/12/2020,357238,51289157
overview,United Kingdom,K02000001,27/12/2020,352702,50931123
overview,United Kingdom,K02000001,26/12/2020,269876,50509650
overview,United Kingdom,K02000001,25/12/2020,339024,50239228
overview,United Kingdom,K02000001,24/12/2020,463123,49899989
overview,United Kingdom,K02000001,23/12/2020,509507,49436437
overview,United Kingdom,K02000001,22/12/2020,453903,48926548
overview,United Kingdom,K02000001,21/12/2020,423675,48469931
overview,United Kingdom,K02000001,20/12/2020,433470,48036807
overview,United Kingdom,K02000001,19/12/2020,440584,47603238
overview,United Kingdom,K02000001,18/12/2020,390130,47162512
overview,United Kingdom,K02000001,17/12/2020,375185,46771368
overview,United Kingdom,K02000001,16/12/2020,364388,46373777
overview,United Kingdom,K02000001,15/12/2020,304360,46009318
overview,United Kingdom,K02000001,14/12/2020,275772,45696137
overview,United Kingdom,K02000001,13/12/2020,312273,45420339
overview,United Kingdom,K02000001,12/12/2020,358491,45108048
overview,United Kingdom,K02000001,11/12/2020,391531,44749538
overview,United Kingdom,K02000001,10/12/2020,400646,44357906
overview,United Kingdom,K02000001,09/12/2020,369586,43957226
overview,United Kingdom,K02000001,08/12/2020,294966,43574642
overview,United Kingdom,K02000001,07/12/2020,215981,43279583
overview,United Kingdom,K02000001,06/12/2020,272787,43061173
overview,United Kingdom,K02000001,05/12/2020,354799,42788342
overview,United Kingdom,K02000001,04/12/2020,380886,42433500
overview,United Kingdom,K02000001,03/12/2020,389476,42052539
overview,United Kingdom,K02000001,02/12/2020,352990,41660895
overview,United Kingdom,K02000001,01/12/2020,312003,41307854
overview,United Kingdom,K02000001,30/11/2020,214835,40989701
overview,United Kingdom,K02000001,29/11/2020,219899,40756444
overview,United Kingdom,K02000001,28/11/2020,311126,40534403
overview,United Kingdom,K02000001,27/11/2020,333917,40223088
overview,United Kingdom,K02000001,26/11/2020,383521,39888901
overview,United Kingdom,K02000001,25/11/2020,356026,39504682
overview,United Kingdom,K02000001,24/11/2020,311763,39149830
overview,United Kingdom,K02000001,23/11/2020,212533,38834497
overview,United Kingdom,K02000001,22/11/2020,279041,38620055
overview,United Kingdom,K02000001,21/11/2020,369040,38336683
overview,United Kingdom,K02000001,20/11/2020,391667,37967604
overview,United Kingdom,K02000001,19/11/2020,395436,37575856
overview,United Kingdom,K02000001,18/11/2020,364490,37172632
overview,United Kingdom,K02000001,17/11/2020,283358,36797786
overview,United Kingdom,K02000001,16/11/2020,234189,36513502
overview,United Kingdom,K02000001,15/11/2020,283866,36260720
overview,United Kingdom,K02000001,14/11/2020,343784,35978280
overview,United Kingdom,K02000001,13/11/2020,382110,35634389
overview,United Kingdom,K02000001,12/11/2020,379955,35252165
overview,United Kingdom,K02000001,11/11/2020,377608,34871387
overview,United Kingdom,K02000001,10/11/2020,304843,34490306
overview,United Kingdom,K02000001,09/11/2020,243245,34185815
overview,United Kingdom,K02000001,08/11/2020,283397,33941724
overview,United Kingdom,K02000001,07/11/2020,329430,33655295
overview,United Kingdom,K02000001,06/11/2020,355032,33325865
overview,United Kingdom,K02000001,05/11/2020,344159,32970741
overview,United Kingdom,K02000001,04/11/2020,301288,32622996
overview,United Kingdom,K02000001,03/11/2020,265136,32309598
overview,United Kingdom,K02000001,02/11/2020,207831,32038760
overview,United Kingdom,K02000001,01/11/2020,270473,31817159
overview,United Kingdom,K02000001,31/10/2020,292573,31544773
overview,United Kingdom,K02000001,30/10/2020,305207,31249759
overview,United Kingdom,K02000001,29/10/2020,347632,30941157
overview,United Kingdom,K02000001,28/10/2020,308810,30591229
overview,United Kingdom,K02000001,27/10/2020,280997,30282279
overview,United Kingdom,K02000001,26/10/2020,261861,29994334
overview,United Kingdom,K02000001,25/10/2020,321114,29729976
overview,United Kingdom,K02000001,24/10/2020,317896,29408862
overview,United Kingdom,K02000001,23/10/2020,346682,29090966
overview,United Kingdom,K02000001,22/10/2020,340137,28744122
overview,United Kingdom,K02000001,21/10/2020,310331,28399160
overview,United Kingdom,K02000001,20/10/2020,279996,28078061
overview,United Kingdom,K02000001,19/10/2020,260338,27795752
overview,United Kingdom,K02000001,18/10/2020,306893,27533164
overview,United Kingdom,K02000001,17/10/2020,308416,27226271
overview,United Kingdom,K02000001,16/10/2020,312178,26917855
overview,United Kingdom,K02000001,15/10/2020,304315,26605703
overview,United Kingdom,K02000001,14/10/2020,295690,26301012
overview,United Kingdom,K02000001,13/10/2020,264713,25999507
overview,United Kingdom,K02000001,12/10/2020,219074,25697164
overview,United Kingdom,K02000001,11/10/2020,258955,25476034
overview,United Kingdom,K02000001,10/10/2020,279606,25217079
overview,United Kingdom,K02000001,09/10/2020,296559,24937474
overview,United Kingdom,K02000001,08/10/2020,285015,24640915
overview,United Kingdom,K02000001,07/10/2020,254579,24337590
overview,United Kingdom,K02000001,06/10/2020,261336,24081522
overview,United Kingdom,K02000001,05/10/2020,273100,23818928
overview,United Kingdom,K02000001,04/10/2020,250348,23545565
overview,United Kingdom,K02000001,03/10/2020,286802,23295217
overview,United Kingdom,K02000001,02/10/2020,269820,23008415
overview,United Kingdom,K02000001,01/10/2020,264979,22738421
overview,United Kingdom,K02000001,30/09/2020,255915,22468246
overview,United Kingdom,K02000001,29/09/2020,232212,22209600
overview,United Kingdom,K02000001,28/09/2020,227038,21963666
overview,United Kingdom,K02000001,27/09/2020,263526,21736150
overview,United Kingdom,K02000001,26/09/2020,255488,21472624
overview,United Kingdom,K02000001,25/09/2020,288701,21217136
overview,United Kingdom,K02000001,24/09/2020,262109,20927096
overview,United Kingdom,K02000001,23/09/2020,259221,20652193
overview,United Kingdom,K02000001,22/09/2020,234815,20391992
overview,United Kingdom,K02000001,21/09/2020,206782,20180930
overview,United Kingdom,K02000001,20/09/2020,234786,19974148
overview,United Kingdom,K02000001,19/09/2020,250954,19739363
overview,United Kingdom,K02000001,18/09/2020,266308,19488409
overview,United Kingdom,K02000001,17/09/2020,240202,19221203
overview,United Kingdom,K02000001,16/09/2020,242273,18979747
overview,United Kingdom,K02000001,15/09/2020,236827,18734356
overview,United Kingdom,K02000001,14/09/2020,216526,18496398
overview,United Kingdom,K02000001,13/09/2020,225380,18279872
overview,United Kingdom,K02000001,12/09/2020,228748,18054492
overview,United Kingdom,K02000001,11/09/2020,241650,17825744
overview,United Kingdom,K02000001,10/09/2020,233125,17544471
overview,United Kingdom,K02000001,09/09/2020,220626,17302598
overview,United Kingdom,K02000001,08/09/2020,202809,17076613
overview,United Kingdom,K02000001,07/09/2020,201965,16872752
overview,United Kingdom,K02000001,06/09/2020,192892,16670772
overview,United Kingdom,K02000001,05/09/2020,189054,16477899
overview,United Kingdom,K02000001,04/09/2020,202893,16288845
overview,United Kingdom,K02000001,03/09/2020,198603,16085952
overview,United Kingdom,K02000001,02/09/2020,196734,15886354
overview,United Kingdom,K02000001,01/09/2020,171339,15677964
overview,United Kingdom,K02000001,31/08/2020,180368,15506758
overview,United Kingdom,K02000001,30/08/2020,181038,15326390
overview,United Kingdom,K02000001,29/08/2020,180033,15145352
overview,United Kingdom,K02000001,28/08/2020,188974,14965319
overview,United Kingdom,K02000001,27/08/2020,194522,14775686
overview,United Kingdom,K02000001,26/08/2020,206143,14573699
overview,United Kingdom,K02000001,25/08/2020,179602,14366169
overview,United Kingdom,K02000001,24/08/2020,147940,14165419
overview,United Kingdom,K02000001,23/08/2020,165455,14017466
overview,United Kingdom,K02000001,22/08/2020,177279,13851399
overview,United Kingdom,K02000001,21/08/2020,181878,13674120
overview,United Kingdom,K02000001,20/08/2020,174250,13492242
overview,United Kingdom,K02000001,19/08/2020,181358,13317181
overview,United Kingdom,K02000001,18/08/2020,157194,13137301
overview,United Kingdom,K02000001,17/08/2020,146264,12980099
overview,United Kingdom,K02000001,16/08/2020,168144,12833817
overview,United Kingdom,K02000001,15/08/2020,180197,12663729
overview,United Kingdom,K02000001,14/08/2020,170441,12483532
overview,United Kingdom,K02000001,13/08/2020,163470,12313091
overview,United Kingdom,K02000001,12/08/2020,176489,12148434
overview,United Kingdom,K02000001,11/08/2020,157558,11970337
overview,United Kingdom,K02000001,10/08/2020,152498,11812650
overview,United Kingdom,K02000001,09/08/2020,162990,11659552
overview,United Kingdom,K02000001,08/08/2020,160651,11496026
overview,United Kingdom,K02000001,07/08/2020,173213,11335375
overview,United Kingdom,K02000001,06/08/2020,174833,11162162
overview,United Kingdom,K02000001,05/08/2020,161111,10986604
overview,United Kingdom,K02000001,04/08/2020,150265,10824501
overview,United Kingdom,K02000001,03/08/2020,144999,10673541
overview,United Kingdom,K02000001,02/08/2020,145568,10528542
overview,United Kingdom,K02000001,01/08/2020,146011,10381748
overview,United Kingdom,K02000001,31/07/2020,164748,10235737
overview,United Kingdom,K02000001,30/07/2020,170027,10070992
overview,United Kingdom,K02000001,29/07/2020,157439,9900604
overview,United Kingdom,K02000001,28/07/2020,147818,9742978
overview,United Kingdom,K02000001,27/07/2020,89565,9595161
overview,United Kingdom,K02000001,26/07/2020,111801,9505596
overview,United Kingdom,K02000001,25/07/2020,139062,9387703
overview,United Kingdom,K02000001,24/07/2020,147292,9248643
overview,United Kingdom,K02000001,23/07/2020,141117,9100816
overview,United Kingdom,K02000001,22/07/2020,137234,8959710
overview,United Kingdom,K02000001,21/07/2020,132626,8822476
overview,United Kingdom,K02000001,20/07/2020,92518,8689851
overview,United Kingdom,K02000001,19/07/2020,114222,8596355
overview,United Kingdom,K02000001,18/07/2020,135779,8482133
overview,United Kingdom,K02000001,17/07/2020,164440,8346355
overview,United Kingdom,K02000001,16/07/2020,150975,8181475
overview,United Kingdom,K02000001,15/07/2020,137828,8030203
overview,United Kingdom,K02000001,14/07/2020,118186,7888890
overview,United Kingdom,K02000001,13/07/2020,85880,7770238
overview,United Kingdom,K02000001,12/07/2020,94700,7685301
overview,United Kingdom,K02000001,11/07/2020,126549,7590220
overview,United Kingdom,K02000001,10/07/2020,134030,7463671
overview,United Kingdom,K02000001,09/07/2020,137861,7329538
overview,United Kingdom,K02000001,08/07/2020,127389,7191497
overview,United Kingdom,K02000001,07/07/2020,106977,7064288
overview,United Kingdom,K02000001,06/07/2020,77469,6957311
overview,United Kingdom,K02000001,05/07/2020,92774,6879738
overview,United Kingdom,K02000001,04/07/2020,114274,6786243
overview,United Kingdom,K02000001,03/07/2020,139218,6671841
overview,United Kingdom,K02000001,02/07/2020,136186,6532368
overview,United Kingdom,K02000001,01/07/2020,123348,6396219
overview,United Kingdom,K02000001,30/06/2020,112164,6272682
overview,United Kingdom,K02000001,29/06/2020,75662,6151618
overview,United Kingdom,K02000001,28/06/2020,83157,6073492
overview,United Kingdom,K02000001,27/06/2020,100631,5989575
overview,United Kingdom,K02000001,26/06/2020,105971,5888944
overview,United Kingdom,K02000001,25/06/2020,108124,5782973
overview,United Kingdom,K02000001,24/06/2020,91135,5631278
overview,United Kingdom,K02000001,23/06/2020,73646,5540143
overview,United Kingdom,K02000001,22/06/2020,63026,5466497
overview,United Kingdom,K02000001,21/06/2020,60484,5400371
overview,United Kingdom,K02000001,20/06/2020,83467,5339704
overview,United Kingdom,K02000001,19/06/2020,90547,5255955
overview,United Kingdom,K02000001,18/06/2020,89613,5165408
overview,United Kingdom,K02000001,17/06/2020,86438,5071925
overview,United Kingdom,K02000001,16/06/2020,80862,4985487
overview,United Kingdom,K02000001,15/06/2020,71402,4904625
overview,United Kingdom,K02000001,14/06/2020,69529,4833223
overview,United Kingdom,K02000001,13/06/2020,98974,4762842
overview,United Kingdom,K02000001,12/06/2020,98899,4663013
overview,United Kingdom,K02000001,11/06/2020,101778,4563309
overview,United Kingdom,K02000001,10/06/2020,101033,4460271
overview,United Kingdom,K02000001,09/06/2020,93959,4359163
overview,United Kingdom,K02000001,08/06/2020,69999,4264755
overview,United Kingdom,K02000001,07/06/2020,86926,4159303
overview,United Kingdom,K02000001,06/06/2020,93154,4072267
overview,United Kingdom,K02000001,05/06/2020,101961,3978661
overview,United Kingdom,K02000001,04/06/2020,99484,3875730
overview,United Kingdom,K02000001,03/06/2020,101885,3776246
overview,United Kingdom,K02000001,02/06/2020,92299,3674232
overview,United Kingdom,K02000001,01/06/2020,70648,3581534
overview,United Kingdom,K02000001,31/05/2020,82243,3510927
overview,United Kingdom,K02000001,30/05/2020,96995,3428684
overview,United Kingdom,K02000001,29/05/2020,105459,3331686
overview,United Kingdom,K02000001,28/05/2020,101753,3226227
overview,United Kingdom,K02000001,27/05/2020,82670,3124473
overview,United Kingdom,K02000001,26/05/2020,77745,3041801
overview,United Kingdom,K02000001,25/05/2020,78385,2963880
overview,United Kingdom,K02000001,24/05/2020,59464,2815535
overview,United Kingdom,K02000001,23/05/2020,91841,2756068
overview,United Kingdom,K02000001,22/05/2020,91196,2664230
overview,United Kingdom,K02000001,21/05/2020,105655,2573033
overview,United Kingdom,K02000001,20/05/2020,86634,2467369
overview,United Kingdom,K02000001,19/05/2020,86041,2380736
overview,United Kingdom,K02000001,18/05/2020,70074,2302976
overview,United Kingdom,K02000001,17/05/2020,81278,2232850
overview,United Kingdom,K02000001,16/05/2020,91360,2151572
overview,United Kingdom,K02000001,15/05/2020,91342,2060212
overview,United Kingdom,K02000001,14/05/2020,84693,1968871
overview,United Kingdom,K02000001,13/05/2020,83182,1884165
overview,United Kingdom,K02000001,12/05/2020,74593,1800289
overview,United Kingdom,K02000001,11/05/2020,70332,1725696
overview,United Kingdom,K02000001,10/05/2020,76507,1655281
overview,United Kingdom,K02000001,09/05/2020,77152,1578774
overview,United Kingdom,K02000001,08/05/2020,76963,1501622
overview,United Kingdom,K02000001,07/05/2020,77466,1424655
overview,United Kingdom,K02000001,06/05/2020,74455,1347190
overview,United Kingdom,K02000001,05/05/2020,66919,1270344
overview,United Kingdom,K02000001,04/05/2020,72630,1208190
overview,United Kingdom,K02000001,03/05/2020,68203,1128590
overview,United Kingdom,K02000001,02/05/2020,63559,1060387
overview,United Kingdom,K02000001,01/05/2020,74142,996826
overview,United Kingdom,K02000001,30/04/2020,83143,922684
overview,United Kingdom,K02000001,29/04/2020,65643,839597
overview,United Kingdom,K02000001,28/04/2020,45263,771817
overview,United Kingdom,K02000001,27/04/2020,31453,726553
overview,United Kingdom,K02000001,26/04/2020,31610,694987
overview,United Kingdom,K02000001,25/04/2020,29058,663377
overview,United Kingdom,K02000001,24/04/2020,28225,634319
overview,United Kingdom,K02000001,23/04/2020,28024,606093
overview,United Kingdom,K02000001,22/04/2020,23073,578066
overview,United Kingdom,K02000001,21/04/2020,22763,554992
,,,,,